bug,validity
Chart_1,ok
Chart_10,ok
Chart_11,ok
Chart_12,ok
Chart_13,ok
Chart_14,ok
Chart_15,ok
Chart_16,ok
Chart_17,ok
Chart_18,ok
Chart_19,ok
Chart_2,ok
Chart_20,ok
Chart_21,ok
Chart_22,ok
Chart_23,ok
Chart_24,ok
Chart_25,ok
Chart_26,ok
Chart_3,ok
Chart_4,ok
Chart_5,ok
Chart_6,ok
Chart_7,ok
Chart_8,ok
Chart_9,ok
Closure_1,ok
Closure_10,ok
Closure_100,ok
Closure_101,ok
Closure_102,ok
Closure_103,ok
Closure_104,ok
Closure_105,ok
Closure_106,ok
Closure_107,ok
Closure_108,ok
Closure_109,ok
Closure_11,ok
Closure_110,ok
Closure_111,ok
Closure_112,ok
Closure_113,ok
Closure_114,ok
Closure_115,ok
Closure_116,ok
Closure_117,ok
Closure_118,ok
Closure_119,ok
Closure_12,ok
Closure_120,ok
Closure_121,ok
Closure_122,ok
Closure_123,ok
Closure_124,ok
Closure_125,ok
Closure_126,ok
Closure_127,ok
Closure_128,ok
Closure_129,ok
Closure_13,ok
Closure_130,ok
Closure_131,ok
Closure_132,ok
Closure_133,ok
Closure_14,ok
Closure_15,ok
Closure_16,ok
Closure_17,ok
Closure_18,ok
Closure_19,ok
Closure_2,ok
Closure_20,ok
Closure_21,ok
Closure_22,ok
Closure_23,ok
Closure_24,ok
Closure_25,ok
Closure_26,ok
Closure_27,ok
Closure_28,ok
Closure_29,ok
Closure_3,ok
Closure_30,ok
Closure_31,ok
Closure_32,ok
Closure_33,ok
Closure_34,ok
Closure_35,ok
Closure_36,ok
Closure_37,ok
Closure_38,ok
Closure_39,ok
Closure_4,ok
Closure_40,ok
Closure_41,ok
Closure_42,ok
Closure_43,ok
Closure_44,ok
Closure_45,ok
Closure_46,ok
Closure_47,ok
Closure_48,ok
Closure_49,ok
Closure_5,ok
Closure_50,ok
Closure_51,ok
Closure_52,ok
Closure_53,ok
Closure_54,ok
Closure_55,ok
Closure_56,ok
Closure_57,ok
Closure_58,ok
Closure_59,ok
Closure_6,ok
Closure_60,ok
Closure_61,ok
Closure_62,ok
Closure_64,ok
Closure_65,ok
Closure_66,ok
Closure_67,ok
Closure_68,ok
Closure_69,ok
Closure_7,ok
Closure_70,ok
Closure_71,ok
Closure_72,ok
Closure_73,ok
Closure_74,ok
Closure_75,ok
Closure_76,ok
Closure_77,ok
Closure_78,ok
Closure_79,ok
Closure_8,ok
Closure_80,ok
Closure_81,ok
Closure_82,ok
Closure_83,ok
Closure_84,ok
Closure_85,ok
Closure_86,ok
Closure_87,ok
Closure_88,ok
Closure_89,ok
Closure_9,ok
Closure_90,ok
Closure_91,ok
Closure_92,ok
Closure_94,ok
Closure_95,ok
Closure_96,ok
Closure_97,ok
Closure_98,ok
Closure_99,ok
Lang_1,ok
Lang_10,ok
Lang_11,ok
Lang_12,ok
Lang_13,ok
Lang_14,ok
Lang_15,ok
Lang_16,ok
Lang_17,ok
Lang_18,ok
Lang_19,ok
Lang_20,ok
Lang_21,ok
Lang_22,ok
Lang_23,ok
Lang_24,ok
Lang_25,ok
Lang_26,ok
Lang_27,ok
Lang_28,ok
Lang_29,ok
Lang_3,ok
Lang_30,ok
Lang_31,ok
Lang_32,ok
Lang_33,ok
Lang_34,ok
Lang_35,ok
Lang_36,ok
Lang_37,ok
Lang_38,ok
Lang_39,ok
Lang_4,ok
Lang_40,ok
Lang_41,ok
Lang_42,ok
Lang_43,ok
Lang_44,ok
Lang_45,ok
Lang_46,ok
Lang_47,ok
Lang_48,ok
Lang_49,ok
Lang_5,ok
Lang_50,ok
Lang_51,ok
Lang_52,ok
Lang_53,ok
Lang_54,ok
Lang_55,ok
Lang_56,ok
Lang_57,ok
Lang_58,ok
Lang_59,ok
Lang_6,ok
Lang_60,ok
Lang_61,ok
Lang_62,ok
Lang_63,ok
Lang_64,ok
Lang_65,ok
Lang_7,ok
Lang_8,ok
Lang_9,ok
Math_1,ok
Math_10,ok
Math_100,ok
Math_101,ok
Math_102,ok
Math_103,ok
Math_104,ok
Math_105,ok
Math_106,ok
Math_11,ok
Math_12,ok
Math_13,ok
Math_14,ok
Math_15,ok
Math_16,ok
Math_17,ok
Math_18,ok
Math_19,ok
Math_2,ok
Math_20,ok
Math_21,ok
Math_22,ok
Math_23,ok
Math_24,ok
Math_25,ok
Math_26,ok
Math_27,ok
Math_28,ok
Math_29,ok
Math_3,ok
Math_30,ok
Math_31,ok
Math_32,ok
Math_33,ok
Math_34,ok
Math_35,ok
Math_36,ok
Math_37,ok
Math_38,ok
Math_39,ok
Math_4,ok
Math_40,ok
Math_41,ok
Math_42,ok
Math_43,ok
Math_44,ok
Math_45,ok
Math_46,ok
Math_47,ok
Math_48,ok
Math_49,ok
Math_5,ok
Math_50,ok
Math_51,ok
Math_52,ok
Math_53,ok
Math_54,ok
Math_55,ok
Math_56,ok
Math_57,ok
Math_58,ok
Math_59,ok
Math_6,ok
Math_60,ok
Math_61,ok
Math_62,ok
Math_63,ok
Math_64,ok
Math_65,ok
Math_66,ok
Math_67,ok
Math_68,ok
Math_69,ok
Math_7,ok
Math_70,ok
Math_71,ok
Math_72,ok
Math_73,ok
Math_74,ok
Math_75,ok
Math_76,ok
Math_77,ok
Math_78,ok
Math_79,ok
Math_8,ok
Math_80,ok
Math_81,ok
Math_82,ok
Math_83,ok
Math_84,ok
Math_85,ok
Math_86,ok
Math_87,ok
Math_88,ok
Math_89,ok
Math_9,ok
Math_90,ok
Math_91,ok
Math_92,ok
Math_93,ok
Math_94,ok
Math_95,ok
Math_96,ok
Math_97,ok
Math_98,ok
Math_99,ok
Time_1,ok
Time_10,ok
Time_11,ok
Time_12,ok
Time_13,ok
Time_14,ok
Time_15,ok
Time_16,ok
Time_17,ok
Time_18,ok
Time_19,ok
Time_2,ok
Time_20,ok
Time_22,ok
Time_23,ok
Time_24,ok
Time_25,ok
Time_26,ok
Time_27,ok
Time_3,ok
Time_4,ok
Time_5,ok
Time_6,ok
Time_7,ok
Time_8,ok
Time_9,ok
